{
    "gwu.wav//waveform//0//0": "gwu.wav_waveform_0_0.png",
    "gwu.wav//spectrogram//0": "gwu.wav_spectrogram_0.png",
    "?i.wav//waveform//0//0": "?i.wav_waveform_0_0.png",
    "tla.wav//waveform//0//0": "tla.wav_waveform_0_0.png",
    "tla.wav//spectrogram//0": "tla.wav_spectrogram_0.png",
    "kwo.wav//waveform//0//0": "kwo.wav_waveform_0_0.png",
    "kwo.wav//spectrogram//0": "kwo.wav_spectrogram_0.png",
    "su.wav//waveform//0//0": "su.wav_waveform_0_0.png",
    "su.wav//spectrogram//0": "su.wav_spectrogram_0.png",
    "tlv.wav//waveform//0//0": "tlv.wav_waveform_0_0.png",
    "tlv.wav//spectrogram//0": "tlv.wav_spectrogram_0.png",
    "hi.wav//waveform//0//0": "hi.wav_waveform_0_0.png",
    "hi.wav//spectrogram//0": "hi.wav_spectrogram_0.png",
    "jv.wav//waveform//0//0": "jv.wav_waveform_0_0.png",
    "jv.wav//spectrogram//0": "jv.wav_spectrogram_0.png",
    "ke.wav//waveform//0//0": "ke.wav_waveform_0_0.png",
    "ke.wav//spectrogram//0": "ke.wav_spectrogram_0.png",
    "ja.wav//waveform//0//0": "ja.wav_waveform_0_0.png",
    "ja.wav//spectrogram//0": "ja.wav_spectrogram_0.png",
    "gwa.wav//waveform//0//0": "gwa.wav_waveform_0_0.png",
    "gwa.wav//spectrogram//0": "gwa.wav_spectrogram_0.png",
    "gwv.wav//waveform//0//0": "gwv.wav_waveform_0_0.png",
    "gwv.wav//spectrogram//0": "gwv.wav_spectrogram_0.png",
    "sa.wav//waveform//0//0": "sa.wav_waveform_0_0.png",
    "sa.wav//spectrogram//0": "sa.wav_spectrogram_0.png",
    "sv.wav//waveform//0//0": "sv.wav_waveform_0_0.png",
    "sv.wav//spectrogram//0": "sv.wav_spectrogram_0.png",
    "tlu.wav//waveform//0//0": "tlu.wav_waveform_0_0.png",
    "tlu.wav//spectrogram//0": "tlu.wav_spectrogram_0.png",
    "ju.wav//waveform//0//0": "ju.wav_waveform_0_0.png",
    "ju.wav//spectrogram//0": "ju.wav_spectrogram_0.png",
    "?i.wav//spectrogram//0": "?i.wav_spectrogram_0.png",
    "di.wav//waveform//0//0": "di.wav_waveform_0_0.png",
    "di.wav//spectrogram//0": "di.wav_spectrogram_0.png",
    "ge.wav//waveform//0//0": "ge.wav_waveform_0_0.png",
    "ge.wav//spectrogram//0": "ge.wav_spectrogram_0.png",
    "kwi.wav//waveform//0//0": "kwi.wav_waveform_0_0.png",
    "kwi.wav//spectrogram//0": "kwi.wav_spectrogram_0.png",
    "gv.wav//waveform//0//0": "gv.wav_waveform_0_0.png",
    "gv.wav//spectrogram//0": "gv.wav_spectrogram_0.png",
    "ga.wav//waveform//0//0": "ga.wav_waveform_0_0.png",
    "ga.wav//spectrogram//0": "ga.wav_spectrogram_0.png",
    "e?.wav//waveform//0//0": "e?.wav_waveform_0_0.png",
    "e?.wav//spectrogram//0": "e?.wav_spectrogram_0.png",
    "ku.wav//waveform//0//0": "ku.wav_waveform_0_0.png",
    "ku.wav//spectrogram//0": "ku.wav_spectrogram_0.png",
    "se.wav//waveform//0//0": "se.wav_waveform_0_0.png",
    "se.wav//spectrogram//0": "se.wav_spectrogram_0.png",
    "ho.wav//waveform//0//0": "ho.wav_waveform_0_0.png",
    "ho.wav//spectrogram//0": "ho.wav_spectrogram_0.png",
    "eh.wav//waveform//0//0": "eh.wav_waveform_0_0.png",
    "eh.wav//spectrogram//0": "eh.wav_spectrogram_0.png",
    "gwe.wav//waveform//0//0": "gwe.wav_waveform_0_0.png",
    "gwe.wav//spectrogram//0": "gwe.wav_spectrogram_0.png",
    "gu.wav//waveform//0//0": "gu.wav_waveform_0_0.png",
    "gu.wav//spectrogram//0": "gu.wav_spectrogram_0.png",
    "kv.wav//waveform//0//0": "kv.wav_waveform_0_0.png",
    "kv.wav//spectrogram//0": "kv.wav_spectrogram_0.png",
    "i?.wav//waveform//0//0": "i?.wav_waveform_0_0.png",
    "i?.wav//spectrogram//0": "i?.wav_spectrogram_0.png",
    "je.wav//waveform//0//0": "je.wav_waveform_0_0.png",
    "je.wav//spectrogram//0": "je.wav_spectrogram_0.png",
    "ka.wav//waveform//0//0": "ka.wav_waveform_0_0.png",
    "ka.wav//spectrogram//0": "ka.wav_spectrogram_0.png",
    "tle.wav//waveform//0//0": "tle.wav_waveform_0_0.png",
    "tle.wav//spectrogram//0": "tle.wav_spectrogram_0.png",
    "?o.wav//waveform//0//0": "?o.wav_waveform_0_0.png",
    "?o.wav//spectrogram//0": "?o.wav_spectrogram_0.png",
    "ih.wav//waveform//0//0": "ih.wav_waveform_0_0.png",
    "ih.wav//spectrogram//0": "ih.wav_spectrogram_0.png",
    "do.wav//waveform//0//0": "do.wav_waveform_0_0.png",
    "do.wav//spectrogram//0": "do.wav_spectrogram_0.png",
    "i.wav//waveform//0//0": "i.wav_waveform_0_0.png",
    "i.wav//spectrogram//0": "i.wav_spectrogram_0.png",
    "yu.wav//waveform//0//0": "yu.wav_waveform_0_0.png",
    "yu.wav//spectrogram//0": "yu.wav_spectrogram_0.png",
    "te.wav//waveform//0//0": "te.wav_waveform_0_0.png",
    "te.wav//spectrogram//0": "te.wav_spectrogram_0.png",
    "wi.wav//waveform//0//0": "wi.wav_waveform_0_0.png",
    "wi.wav//spectrogram//0": "wi.wav_spectrogram_0.png",
    "hye.wav//waveform//0//0": "hye.wav_waveform_0_0.png",
    "hye.wav//spectrogram//0": "hye.wav_spectrogram_0.png",
    "dli.wav//waveform//0//0": "dli.wav_waveform_0_0.png",
    "dli.wav//spectrogram//0": "dli.wav_spectrogram_0.png",
    "hwo.wav//waveform//0//0": "hwo.wav_waveform_0_0.png",
    "hwo.wav//spectrogram//0": "hwo.wav_spectrogram_0.png",
    "lu.wav//waveform//0//0": "lu.wav_waveform_0_0.png",
    "lu.wav//spectrogram//0": "lu.wav_spectrogram_0.png",
    "hle.wav//waveform//0//0": "hle.wav_waveform_0_0.png",
    "hle.wav//spectrogram//0": "hle.wav_spectrogram_0.png",
    "hno.wav//waveform//0//0": "hno.wav_waveform_0_0.png",
    "hno.wav//spectrogram//0": "hno.wav_spectrogram_0.png",
    "ya.wav//waveform//0//0": "ya.wav_waveform_0_0.png",
    "ya.wav//spectrogram//0": "ya.wav_spectrogram_0.png",
    "yv.wav//waveform//0//0": "yv.wav_waveform_0_0.png",
    "yv.wav//spectrogram//0": "yv.wav_spectrogram_0.png",
    "che.wav//waveform//0//0": "che.wav_waveform_0_0.png",
    "che.wav//spectrogram//0": "che.wav_spectrogram_0.png",
    "lv.wav//waveform//0//0": "lv.wav_waveform_0_0.png",
    "lv.wav//spectrogram//0": "lv.wav_spectrogram_0.png",
    "ni.wav//waveform//0//0": "ni.wav_waveform_0_0.png",
    "ni.wav//spectrogram//0": "ni.wav_spectrogram_0.png",
    "la.wav//waveform//0//0": "la.wav_waveform_0_0.png",
    "la.wav//spectrogram//0": "la.wav_spectrogram_0.png",
    "me.wav//waveform//0//0": "me.wav_waveform_0_0.png",
    "me.wav//spectrogram//0": "me.wav_spectrogram_0.png",
    "o.wav//waveform//0//0": "o.wav_waveform_0_0.png",
    "o.wav//spectrogram//0": "o.wav_spectrogram_0.png",
    "hlu.wav//waveform//0//0": "hlu.wav_waveform_0_0.png",
    "hlu.wav//spectrogram//0": "hlu.wav_spectrogram_0.png",
    "mv.wav//waveform//0//0": "mv.wav_waveform_0_0.png",
    "mv.wav//spectrogram//0": "mv.wav_spectrogram_0.png",
    "ma.wav//waveform//0//0": "ma.wav_waveform_0_0.png",
    "ma.wav//spectrogram//0": "ma.wav_spectrogram_0.png",
    "le.wav//waveform//0//0": "le.wav_waveform_0_0.png",
    "le.wav//spectrogram//0": "le.wav_spectrogram_0.png",
    "o?.wav//waveform//0//0": "o?.wav_waveform_0_0.png",
    "o?.wav//spectrogram//0": "o?.wav_spectrogram_0.png",
    "dlo.wav//waveform//0//0": "dlo.wav_waveform_0_0.png",
    "dlo.wav//spectrogram//0": "dlo.wav_spectrogram_0.png",
    "wo.wav//waveform//0//0": "wo.wav_waveform_0_0.png",
    "wo.wav//spectrogram//0": "wo.wav_spectrogram_0.png",
    "chv.wav//waveform//0//0": "chv.wav_waveform_0_0.png",
    "chv.wav//spectrogram//0": "chv.wav_spectrogram_0.png",
    "cha.wav//waveform//0//0": "cha.wav_waveform_0_0.png",
    "cha.wav//spectrogram//0": "cha.wav_spectrogram_0.png",
    "hyu.wav//waveform//0//0": "hyu.wav_waveform_0_0.png",
    "hyu.wav//spectrogram//0": "hyu.wav_spectrogram_0.png",
    "tu.wav//waveform//0//0": "tu.wav_waveform_0_0.png",
    "tu.wav//spectrogram//0": "tu.wav_spectrogram_0.png",
    "hwi.wav//waveform//0//0": "hwi.wav_waveform_0_0.png",
    "hwi.wav//spectrogram//0": "hwi.wav_spectrogram_0.png",
    "ye.wav//waveform//0//0": "ye.wav_waveform_0_0.png",
    "ye.wav//spectrogram//0": "ye.wav_spectrogram_0.png",
    "oh.wav//waveform//0//0": "oh.wav_waveform_0_0.png",
    "oh.wav//spectrogram//0": "oh.wav_spectrogram_0.png",
    "hla.wav//waveform//0//0": "hla.wav_waveform_0_0.png",
    "hla.wav//spectrogram//0": "hla.wav_spectrogram_0.png",
    "hlv.wav//waveform//0//0": "hlv.wav_waveform_0_0.png",
    "hlv.wav//spectrogram//0": "hlv.wav_spectrogram_0.png",
    "hni.wav//waveform//0//0": "hni.wav_waveform_0_0.png",
    "hni.wav//spectrogram//0": "hni.wav_spectrogram_0.png",
    "mu.wav//waveform//0//0": "mu.wav_waveform_0_0.png",
    "mu.wav//spectrogram//0": "mu.wav_spectrogram_0.png",
    "chu.wav//waveform//0//0": "chu.wav_waveform_0_0.png",
    "chu.wav//spectrogram//0": "chu.wav_spectrogram_0.png",
    "vh.wav//waveform//0//0": "vh.wav_waveform_0_0.png",
    "vh.wav//spectrogram//0": "vh.wav_spectrogram_0.png",
    "hyv.wav//waveform//0//0": "hyv.wav_waveform_0_0.png",
    "hyv.wav//spectrogram//0": "hyv.wav_spectrogram_0.png",
    "v?.wav//waveform//0//0": "v?.wav_waveform_0_0.png",
    "v?.wav//spectrogram//0": "v?.wav_spectrogram_0.png",
    "ta.wav//waveform//0//0": "ta.wav_waveform_0_0.png",
    "ta.wav//spectrogram//0": "ta.wav_spectrogram_0.png",
    "hya.wav//waveform//0//0": "hya.wav_waveform_0_0.png",
    "hya.wav//spectrogram//0": "hya.wav_spectrogram_0.png",
    "tv.wav//waveform//0//0": "tv.wav_waveform_0_0.png",
    "tv.wav//spectrogram//0": "tv.wav_spectrogram_0.png",
    "no.wav//waveform//0//0": "no.wav_waveform_0_0.png",
    "no.wav//spectrogram//0": "no.wav_spectrogram_0.png",
    "hne.wav//waveform//0//0": "hne.wav_waveform_0_0.png",
    "hne.wav//spectrogram//0": "hne.wav_spectrogram_0.png",
    "nu.wav//waveform//0//0": "nu.wav_waveform_0_0.png",
    "nu.wav//spectrogram//0": "nu.wav_spectrogram_0.png",
    "uh.wav//waveform//0//0": "uh.wav_waveform_0_0.png",
    "uh.wav//spectrogram//0": "uh.wav_spectrogram_0.png",
    "wv.wav//waveform//0//0": "wv.wav_waveform_0_0.png",
    "wv.wav//spectrogram//0": "wv.wav_spectrogram_0.png",
    "cho.wav//waveform//0//0": "cho.wav_waveform_0_0.png",
    "cho.wav//spectrogram//0": "cho.wav_spectrogram_0.png",
    "dlv.wav//waveform//0//0": "dlv.wav_waveform_0_0.png",
    "dlv.wav//spectrogram//0": "dlv.wav_spectrogram_0.png",
    "wa.wav//waveform//0//0": "wa.wav_waveform_0_0.png",
    "wa.wav//spectrogram//0": "wa.wav_spectrogram_0.png",
    "dla.wav//waveform//0//0": "dla.wav_waveform_0_0.png",
    "dla.wav//spectrogram//0": "dla.wav_spectrogram_0.png",
    "u?.wav//waveform//0//0": "u?.wav_waveform_0_0.png",
    "u?.wav//spectrogram//0": "u?.wav_spectrogram_0.png",
    "mo.wav//waveform//0//0": "mo.wav_waveform_0_0.png",
    "mo.wav//spectrogram//0": "mo.wav_spectrogram_0.png",
    "a.wav//waveform//0//0": "a.wav_waveform_0_0.png",
    "a.wav//spectrogram//0": "a.wav_spectrogram_0.png",
    "v.wav//waveform//0//0": "v.wav_waveform_0_0.png",
    "v.wav//spectrogram//0": "v.wav_spectrogram_0.png",
    "na.wav//waveform//0//0": "na.wav_waveform_0_0.png",
    "na.wav//spectrogram//0": "na.wav_spectrogram_0.png",
    "li.wav//waveform//0//0": "li.wav_waveform_0_0.png",
    "li.wav//spectrogram//0": "li.wav_spectrogram_0.png",
    "nv.wav//waveform//0//0": "nv.wav_waveform_0_0.png",
    "nv.wav//spectrogram//0": "nv.wav_spectrogram_0.png",
    "hyo.wav//waveform//0//0": "hyo.wav_waveform_0_0.png",
    "hyo.wav//spectrogram//0": "hyo.wav_spectrogram_0.png",
    "to.wav//waveform//0//0": "to.wav_waveform_0_0.png",
    "to.wav//spectrogram//0": "to.wav_spectrogram_0.png",
    "dlu.wav//waveform//0//0": "dlu.wav_waveform_0_0.png",
    "dlu.wav//spectrogram//0": "dlu.wav_spectrogram_0.png",
    "wu.wav//waveform//0//0": "wu.wav_waveform_0_0.png",
    "wu.wav//spectrogram//0": "wu.wav_spectrogram_0.png",
    "yi.wav//waveform//0//0": "yi.wav_waveform_0_0.png",
    "yi.wav//spectrogram//0": "yi.wav_spectrogram_0.png",
    "hwe.wav//waveform//0//0": "hwe.wav_waveform_0_0.png",
    "hwe.wav//spectrogram//0": "hwe.wav_spectrogram_0.png",
    "u.wav//waveform//0//0": "u.wav_waveform_0_0.png",
    "u.wav//spectrogram//0": "u.wav_spectrogram_0.png",
    "hlo.wav//waveform//0//0": "hlo.wav_waveform_0_0.png",
    "hlo.wav//spectrogram//0": "hlo.wav_spectrogram_0.png",
    "hwa.wav//waveform//0//0": "hwa.wav_waveform_0_0.png",
    "hwa.wav//spectrogram//0": "hwa.wav_spectrogram_0.png",
    "hwv.wav//waveform//0//0": "hwv.wav_waveform_0_0.png",
    "hwv.wav//spectrogram//0": "hwv.wav_spectrogram_0.png",
    "chi.wav//waveform//0//0": "chi.wav_waveform_0_0.png",
    "chi.wav//spectrogram//0": "chi.wav_spectrogram_0.png",
    "ne.wav//waveform//0//0": "ne.wav_waveform_0_0.png",
    "ne.wav//spectrogram//0": "ne.wav_spectrogram_0.png",
    "mi.wav//waveform//0//0": "mi.wav_waveform_0_0.png",
    "mi.wav//spectrogram//0": "mi.wav_spectrogram_0.png",
    "hnu.wav//waveform//0//0": "hnu.wav_waveform_0_0.png",
    "hnu.wav//spectrogram//0": "hnu.wav_spectrogram_0.png",
    "ah.wav//waveform//0//0": "ah.wav_waveform_0_0.png",
    "ah.wav//spectrogram//0": "ah.wav_spectrogram_0.png",
    "e.wav//waveform//0//0": "e.wav_waveform_0_0.png",
    "e.wav//spectrogram//0": "e.wav_spectrogram_0.png",
    "lo.wav//waveform//0//0": "lo.wav_waveform_0_0.png",
    "lo.wav//spectrogram//0": "lo.wav_spectrogram_0.png",
    "hwu.wav//waveform//0//0": "hwu.wav_waveform_0_0.png",
    "hwu.wav//spectrogram//0": "hwu.wav_spectrogram_0.png",
    "ti.wav//waveform//0//0": "ti.wav_waveform_0_0.png",
    "ti.wav//spectrogram//0": "ti.wav_spectrogram_0.png",
    "dle.wav//waveform//0//0": "dle.wav_waveform_0_0.png",
    "dle.wav//spectrogram//0": "dle.wav_spectrogram_0.png",
    "hyi.wav//waveform//0//0": "hyi.wav_waveform_0_0.png",
    "hyi.wav//spectrogram//0": "hyi.wav_spectrogram_0.png",
    "we.wav//waveform//0//0": "we.wav_waveform_0_0.png",
    "we.wav//spectrogram//0": "we.wav_spectrogram_0.png",
    "yo.wav//waveform//0//0": "yo.wav_waveform_0_0.png",
    "yo.wav//spectrogram//0": "yo.wav_spectrogram_0.png",
    "hli.wav//waveform//0//0": "hli.wav_waveform_0_0.png",
    "hli.wav//spectrogram//0": "hli.wav_spectrogram_0.png",
    "hnv.wav//waveform//0//0": "hnv.wav_waveform_0_0.png",
    "hnv.wav//spectrogram//0": "hnv.wav_spectrogram_0.png",
    "a?.wav//waveform//0//0": "a?.wav_waveform_0_0.png",
    "a?.wav//spectrogram//0": "a?.wav_spectrogram_0.png",
    "hna.wav//waveform//0//0": "hna.wav_waveform_0_0.png",
    "hna.wav//spectrogram//0": "hna.wav_spectrogram_0.png",
    "nah.wav//waveform//0//0": "nah.wav_waveform_0_0.png",
    "nah.wav//spectrogram//0": "nah.wav_spectrogram_0.png",
    "du.wav//waveform//0//0": "du.wav_waveform_0_0.png",
    "du.wav//spectrogram//0": "du.wav_spectrogram_0.png",
    "ha.wav//waveform//0//0": "ha.wav_waveform_0_0.png",
    "ha.wav//spectrogram//0": "ha.wav_spectrogram_0.png",
    "?u.wav//waveform//0//0": "?u.wav_waveform_0_0.png",
    "?u.wav//spectrogram//0": "?u.wav_spectrogram_0.png",
    "hv.wav//waveform//0//0": "hv.wav_waveform_0_0.png",
    "hv.wav//spectrogram//0": "hv.wav_spectrogram_0.png",
    "ji.wav//waveform//0//0": "ji.wav_waveform_0_0.png",
    "ji.wav//spectrogram//0": "ji.wav_spectrogram_0.png",
    "tli.wav//waveform//0//0": "tli.wav_waveform_0_0.png",
    "tli.wav//spectrogram//0": "tli.wav_spectrogram_0.png",
    "go.wav//waveform//0//0": "go.wav_waveform_0_0.png",
    "go.wav//spectrogram//0": "go.wav_spectrogram_0.png",
    "kwe.wav//waveform//0//0": "kwe.wav_waveform_0_0.png",
    "kwe.wav//spectrogram//0": "kwe.wav_spectrogram_0.png",
    "da.wav//waveform//0//0": "da.wav_waveform_0_0.png",
    "da.wav//spectrogram//0": "da.wav_spectrogram_0.png",
    "dv.wav//waveform//0//0": "dv.wav_waveform_0_0.png",
    "dv.wav//spectrogram//0": "dv.wav_spectrogram_0.png",
    "?v.wav//waveform//0//0": "?v.wav_waveform_0_0.png",
    "?v.wav//spectrogram//0": "?v.wav_spectrogram_0.png",
    "?a.wav//waveform//0//0": "?a.wav_waveform_0_0.png",
    "?a.wav//spectrogram//0": "?a.wav_spectrogram_0.png",
    "hu.wav//waveform//0//0": "hu.wav_waveform_0_0.png",
    "hu.wav//spectrogram//0": "hu.wav_spectrogram_0.png",
    "si.wav//waveform//0//0": "si.wav_waveform_0_0.png",
    "si.wav//spectrogram//0": "si.wav_spectrogram_0.png",
    "ko.wav//waveform//0//0": "ko.wav_waveform_0_0.png",
    "ko.wav//spectrogram//0": "ko.wav_spectrogram_0.png",
    "gwi.wav//waveform//0//0": "gwi.wav_waveform_0_0.png",
    "gwi.wav//spectrogram//0": "gwi.wav_spectrogram_0.png",
    "jo.wav//waveform//0//0": "jo.wav_waveform_0_0.png",
    "jo.wav//spectrogram//0": "jo.wav_spectrogram_0.png",
    "tlo.wav//waveform//0//0": "tlo.wav_waveform_0_0.png",
    "tlo.wav//spectrogram//0": "tlo.wav_spectrogram_0.png",
    "?e.wav//waveform//0//0": "?e.wav_waveform_0_0.png",
    "?e.wav//spectrogram//0": "?e.wav_spectrogram_0.png",
    "de.wav//waveform//0//0": "de.wav_waveform_0_0.png",
    "de.wav//spectrogram//0": "de.wav_spectrogram_0.png",
    "gi.wav//waveform//0//0": "gi.wav_waveform_0_0.png",
    "gi.wav//spectrogram//0": "gi.wav_spectrogram_0.png",
    "kwv.wav//waveform//0//0": "kwv.wav_waveform_0_0.png",
    "kwv.wav//spectrogram//0": "kwv.wav_spectrogram_0.png",
    "kwa.wav//waveform//0//0": "kwa.wav_waveform_0_0.png",
    "kwa.wav//spectrogram//0": "kwa.wav_spectrogram_0.png",
    "so.wav//waveform//0//0": "so.wav_waveform_0_0.png",
    "so.wav//spectrogram//0": "so.wav_spectrogram_0.png",
    "he.wav//waveform//0//0": "he.wav_waveform_0_0.png",
    "he.wav//spectrogram//0": "he.wav_spectrogram_0.png",
    "ki.wav//waveform//0//0": "ki.wav_waveform_0_0.png",
    "ki.wav//spectrogram//0": "ki.wav_spectrogram_0.png",
    "kwu.wav//waveform//0//0": "kwu.wav_waveform_0_0.png",
    "kwu.wav//spectrogram//0": "kwu.wav_spectrogram_0.png",
    "gwo.wav//waveform//0//0": "gwo.wav_waveform_0_0.png",
    "gwo.wav//spectrogram//0": "gwo.wav_spectrogram_0.png"
}