{
    "gwu.wav": "gwu.wav.info.json",
    "su.wav": "su.wav.info.json",
    "tlv.wav": "tlv.wav.info.json",
    "kwo.wav": "kwo.wav.info.json",
    "gwv.wav": "gwv.wav.info.json",
    "gwa.wav": "gwa.wav.info.json",
    "gv.wav": "gv.wav.info.json",
    "gwi.wav": "gwi.wav.info.json",
    "hi.wav": "hi.wav.info.json",
    "tla.wav": "tla.wav.info.json",
    "jv.wav": "jv.wav.info.json",
    "ke.wav": "ke.wav.info.json",
    "ja.wav": "ja.wav.info.json",
    "sa.wav": "sa.wav.info.json",
    "sv.wav": "sv.wav.info.json",
    "tlu.wav": "tlu.wav.info.json",
    "ju.wav": "ju.wav.info.json",
    "?i.wav": "?i.wav.info.json",
    "di.wav": "di.wav.info.json",
    "ge.wav": "ge.wav.info.json",
    "kwi.wav": "kwi.wav.info.json",
    "ga.wav": "ga.wav.info.json",
    "e?.wav": "e?.wav.info.json",
    "ku.wav": "ku.wav.info.json",
    "se.wav": "se.wav.info.json",
    "ho.wav": "ho.wav.info.json",
    "eh.wav": "eh.wav.info.json",
    "gwe.wav": "gwe.wav.info.json",
    "gu.wav": "gu.wav.info.json",
    "kv.wav": "kv.wav.info.json",
    "i?.wav": "i?.wav.info.json",
    "je.wav": "je.wav.info.json",
    "ka.wav": "ka.wav.info.json",
    "tle.wav": "tle.wav.info.json",
    "?o.wav": "?o.wav.info.json",
    "ih.wav": "ih.wav.info.json",
    "do.wav": "do.wav.info.json",
    "i.wav": "i.wav.info.json",
    "yu.wav": "yu.wav.info.json",
    "te.wav": "te.wav.info.json",
    "wi.wav": "wi.wav.info.json",
    "hye.wav": "hye.wav.info.json",
    "dli.wav": "dli.wav.info.json",
    "hwo.wav": "hwo.wav.info.json",
    "lu.wav": "lu.wav.info.json",
    "hle.wav": "hle.wav.info.json",
    "hno.wav": "hno.wav.info.json",
    "ya.wav": "ya.wav.info.json",
    "yv.wav": "yv.wav.info.json",
    "che.wav": "che.wav.info.json",
    "lv.wav": "lv.wav.info.json",
    "ni.wav": "ni.wav.info.json",
    "la.wav": "la.wav.info.json",
    "me.wav": "me.wav.info.json",
    "o.wav": "o.wav.info.json",
    "hlu.wav": "hlu.wav.info.json",
    "mv.wav": "mv.wav.info.json",
    "ma.wav": "ma.wav.info.json",
    "le.wav": "le.wav.info.json",
    "o?.wav": "o?.wav.info.json",
    "dlo.wav": "dlo.wav.info.json",
    "wo.wav": "wo.wav.info.json",
    "chv.wav": "chv.wav.info.json",
    "cha.wav": "cha.wav.info.json",
    "hyu.wav": "hyu.wav.info.json",
    "hwi.wav": "hwi.wav.info.json",
    "tu.wav": "tu.wav.info.json",
    "ye.wav": "ye.wav.info.json",
    "oh.wav": "oh.wav.info.json",
    "hla.wav": "hla.wav.info.json",
    "hlv.wav": "hlv.wav.info.json",
    "hni.wav": "hni.wav.info.json",
    "mu.wav": "mu.wav.info.json",
    "chu.wav": "chu.wav.info.json",
    "vh.wav": "vh.wav.info.json",
    "hyv.wav": "hyv.wav.info.json",
    "v?.wav": "v?.wav.info.json",
    "ta.wav": "ta.wav.info.json",
    "hya.wav": "hya.wav.info.json",
    "tv.wav": "tv.wav.info.json",
    "no.wav": "no.wav.info.json",
    "hne.wav": "hne.wav.info.json",
    "nu.wav": "nu.wav.info.json",
    "uh.wav": "uh.wav.info.json",
    "wv.wav": "wv.wav.info.json",
    "cho.wav": "cho.wav.info.json",
    "dlv.wav": "dlv.wav.info.json",
    "wa.wav": "wa.wav.info.json",
    "dla.wav": "dla.wav.info.json",
    "u?.wav": "u?.wav.info.json",
    "mo.wav": "mo.wav.info.json",
    "a.wav": "a.wav.info.json",
    "v.wav": "v.wav.info.json",
    "na.wav": "na.wav.info.json",
    "li.wav": "li.wav.info.json",
    "nv.wav": "nv.wav.info.json",
    "hyo.wav": "hyo.wav.info.json",
    "to.wav": "to.wav.info.json",
    "dlu.wav": "dlu.wav.info.json",
    "wu.wav": "wu.wav.info.json",
    "yi.wav": "yi.wav.info.json",
    "hwe.wav": "hwe.wav.info.json",
    "u.wav": "u.wav.info.json",
    "hlo.wav": "hlo.wav.info.json",
    "hwa.wav": "hwa.wav.info.json",
    "hwv.wav": "hwv.wav.info.json",
    "chi.wav": "chi.wav.info.json",
    "ne.wav": "ne.wav.info.json",
    "mi.wav": "mi.wav.info.json",
    "hnu.wav": "hnu.wav.info.json",
    "ah.wav": "ah.wav.info.json",
    "e.wav": "e.wav.info.json",
    "lo.wav": "lo.wav.info.json",
    "hwu.wav": "hwu.wav.info.json",
    "ti.wav": "ti.wav.info.json",
    "hyi.wav": "hyi.wav.info.json",
    "dle.wav": "dle.wav.info.json",
    "we.wav": "we.wav.info.json",
    "yo.wav": "yo.wav.info.json",
    "hli.wav": "hli.wav.info.json",
    "hnv.wav": "hnv.wav.info.json",
    "a?.wav": "a?.wav.info.json",
    "hna.wav": "hna.wav.info.json",
    "nah.wav": "nah.wav.info.json",
    "du.wav": "du.wav.info.json",
    "?u.wav": "?u.wav.info.json",
    "ha.wav": "ha.wav.info.json",
    "hv.wav": "hv.wav.info.json",
    "ji.wav": "ji.wav.info.json",
    "tli.wav": "tli.wav.info.json",
    "go.wav": "go.wav.info.json",
    "kwe.wav": "kwe.wav.info.json",
    "da.wav": "da.wav.info.json",
    "dv.wav": "dv.wav.info.json",
    "?v.wav": "?v.wav.info.json",
    "?a.wav": "?a.wav.info.json",
    "hu.wav": "hu.wav.info.json",
    "si.wav": "si.wav.info.json",
    "ko.wav": "ko.wav.info.json",
    "jo.wav": "jo.wav.info.json",
    "tlo.wav": "tlo.wav.info.json",
    "?e.wav": "?e.wav.info.json",
    "de.wav": "de.wav.info.json",
    "kwv.wav": "kwv.wav.info.json",
    "gi.wav": "gi.wav.info.json",
    "kwa.wav": "kwa.wav.info.json",
    "so.wav": "so.wav.info.json",
    "he.wav": "he.wav.info.json",
    "ki.wav": "ki.wav.info.json",
    "kwu.wav": "kwu.wav.info.json",
    "gwo.wav": "gwo.wav.info.json"
}