{
    "algorithmVersion": 7,
    "painterConfig": {
        "canvasResolution": {
            "default": 40,
            "step": 20
        },
        "maxDataChunkSize": 441000,
        "amplitude": {
            "resampleDownToHz": 44100,
            "normalize": false,
            "unitSize": 60,
            "intensityAccuracy": 1000,
            "yAxisBlankRate": 0.1,
            "color": "#FFF2F2F2",
            "backgroundColor": "#00000000"
        },
        "spectrogram": {
            "enabled": true,
            "heightWeight": 0.75,
            "pointDensity": 2,
            "standardHopSize": 110,
            "standardWindowSize": 512,
            "windowType": "BlackmanHarris",
            "melScaleStep": 10,
            "maxFrequency": 20000,
            "minIntensity": -20,
            "maxIntensity": 55,
            "colorPalette": "Plain",
            "useHighAlphaContrast": true
        }
    }
}